" Esse aplicativo era muito bom, mas ultimamente est√° deixando muito a desejar. Principalmente quando precisamos sair da rota. Ele n√£o consegue mais redefinir a rota. Fica s√≥ calculando, e no tr√¢nsito n√£o podemos perder tempo. ",Negativo
" O meu, em pesquisa de voz n√£o est√° funcionando mais. T√° uma bosta.  Concertem isso. ",Neutro
" Esse app era muito bom, mas come√ßou a travar, tinha um samsung j5 e parei de usar achando que era do aparelho troquei pelo lg q6 e continuou, atualizei e vou ver se melhorar dou 5 üåü ",Negativo
" Pelo menos aqui, na metr√≥pole funciona muito bem e tenho feito bom uso dele... ",Negativo
" Muitos erros, mais muitos mesmo! A bolinha azul q aparece em baixa velocidade, a setinha fica perdida em v√°rias curvas pr√≥ximas ou rotat√≥rias, modo off-line demora a aparecer o percurso e se sair da rota fica tra√ßando novo trajeto toda vida resumindo est√° horr√≠vel ",Negativo
" O aplicativo √© muito bom e completo, oferecendo op√ß√µes diversas e abrangendo v√°rias regi√µes. Sugest√µes: permitir o download de mais de uma rota offline; melhoria das indica√ß√µes de linhas e tempo da corrida para rotas em transporte p√∫blico (o Moovit deixa o gmaps no chinelo neste sentido) ",Neutro
" Al√©m das funcoes carro,a p√©,√¥nibus ou trem deveriam coloc√° a fun√ß√£o caminh√£o...por favor nos deem essa for√ßa garanto q muito mais pessoas ir√£o usar o app eu uso muito mais tem hora q s√≥ manda em lugar errado por ser carreta ai complica. ",Negativo
" Minha experi√™ncia de navega√ß√£o com este app sempre foi muito positiva. Umas pequenas confus√µes com curvas e retornos, compreens√≠vel pelo caos Brasileiro de algumas cidades, mas recomendo muito ele. ",Positivo
" Hoje, dia 05.01, estava bem zuado... sorte que minhas rotas foram curtas e fui me virando, mas n√£o atualizada o ponto do GPS em movimento... ",Negativo
" Eu trabalho com app mais esse dias est√° muito ruim n√£o sair do ponto azul a seta demora para aparecer,se passa em uma ruim com √°rvores o app fala que est√° sem sinal,antes dessas atualizado o app era √≥timo agora est√° muito ruim fica mais sem sinal do que com sinal normalmente, por favor tenta fazer uma atualiza√ß√£o melhor ",Neutro
 Pior app de mapas que existe. Pois a 3 anos meu endere√ßo est√° mostrando em local errado.j√° tentei de tudo pra arrumarem e nada .fazendo clientes ir pra outro endere√ßo. Baixei o tom tom mapas este sim √© bom e ainda se a rua estiver com engarrafamento ele faz um desvio na rota . E meu endere√ßo est√° correto. Baixem o tom tom este sim vale a pena. ,Negativo
" N√£o gostei do tipo que ele baixa o mapa, pega por √°rea, ficou bem ruim assim, vou pra outro aplicativo  esse n√£o serve mais pra mim... ",Negativo
 O aplicativo est√° um lixo! N√£o consigo acessar absolutamente nenhuma funcionalidade... Mas os malditos an√∫ncios est√£o firmes e fortes! Consigo navegar pelas propagandas mas n√£o consigo fazer uma rota sequer. ,Neutro
 Top nunca tive problemas sempre m orientou correto ,Negativo
 Deveriam atualiza pois faz 7 anos que n atualizam as fotos tem casas que n existem no Google mas existe na realidade ,Neutro
 Ao iniciar a navega√ß√£o n√£o atualiza para come√ßa a dirigir s√≥ depois de um tempo. N√£o era assim a meses atr√°s. ,Negativo
 Eu moro no DF precisamente na Ceil√¢ndia norte Por√©m quero pegar um √¥nibus 346 sentido guara todas a vezes ele marca um hor√°rio e nunca passa n√£o passa mesmo. Rid√≠culo horr√≠vel lixo... ,Positivo
" Deveria mostrar radar , perde o GPS e e trav e n√£o conecta novamente tem que reiniciar o aparelho ",Negativo
 O aplicativo est√° travando e tem que fechar v√°rias vezes depois da √∫ltima atualiza√ß√£o ,Negativo
 Precisa melhorar muita coisa. Quero saber sobre a quest√£o de ter veloc√≠metro e pardal. Ao estiver em um destino tra√ßado s√≥ consigo add umas paradas se eu realizar buscas ao inv√©s de ver minha lista de locais marcados e Clicar no mapa. Aguardo retorno. ,Neutro
" Nesta √∫ltima atualiza√ß√£o, n√£o aparece mais automaticamente a seta, a qual indica seu local no trajeto. Parece que ele espera vc se movimentar pra troca o ponto de origem pela seta, no entanto o google maps n√£o reconhece sua movita√ß√£o e o ponto persiste, mesmo com o carro em movimento. ",Negativo
" O bizarro √© que o Google Maps do IPhone funciona melhor do que do Android. 2 funcionalidades que sinto falta s√£o: 1) Modo noturno, mesmo durante o dia. 2) Visualiza√ß√£o 2D sem o norte fixo. ",Negativo
" Poderia ser revisto a funcionalidade dos hor√°rios de trens e metros, al√©m das linhas de √¥nibus que muitas das vezes n√£o s√£o encontradas ou incorretas. ",Neutro
 Pq n√£o desde que comecei a utilizar outros meios de transporte (uber/cabify) n√£o aparece mais a op√ß√£o de transporte p√∫blico? J√° tentei novas configura√ß√µes e n√£o adiantou. ,Positivo
 Ultimamente n√£o est√° localizando onde eu estou. Sempre localiza errado. Diz q eu estou em um lugar nada a ver onde realmente estou. Mesmo utilizando o modo precis√£o n√£o localiza certo. ,Positivo
 A melhor parte deste app √© o mapa offline que da pra usar como gps..usei ontem e foi incrivel ,Neutro
" Quando inicia uma rota demora um pouco para atualizar a dire√ß√£o correta, isso atrapalha um bocado para quem trabalha todos os dias com o aplicativo. ",Negativo
" N√£o uso no momento, por√©m d√° para ver que √© √≥timo. ",Negativo
" P√©ssimo aplicativo.  Acabei de vir para o Rio de Janeiro e s√≥ passei por apuros.  O tempo inteiro dando erro.  Se n√£o fosse outro GPS que tinha salvo no Smartphone,  n√£o teria chegado. ",Negativo
 Precisa melhorar e muito ... j√° estamos √° caminho de 2018 e esse App ainda est√° em 2000 .... quando eu preciso isso me atrapalha muito ,Neutro
" Por tr√™s vezes me mandou para o endere√ßo em lugar errado. Uma vez em Santana de Parna√≠ba. Ontem, me mandou para o caminho mais longo a p√© em S√£o Paulo, na Santa Casa de Santa Cec√≠lia e, h√° alguns dias, me mandou pro meio do nada em Jundia√≠..... Tem que corrigir urgente.... ",Neutro
 N√£o est√° atualizado. S√≥ vejo imagens antigas dos lugares a dez anos atr√°s. Gostaria de ver minha cidade l√° na Bahia mas n√£o aparece como est√° atualmente. ,Neutro
" O mapa n√£o abre, n√£o carrega novas rotas, nao ta funcionando nada, esta uma bosta, um app que ja foi √≥timo agr esta horr√≠vel e inutiliz√°vel... Espero que arrumem isso logo, assim mudarei minha nota pro app ",Negativo
" Maps cada vez melhor me ajudar sempre, sem falhas o melhor App de navega√ß√£o. ",Positivo
 Pessoas perdem tempo com o Weize .....  Google maps informa bem melhor o caminho √© tr√¢nsito real das rodovias e pistas... Um s√©rio problema destes aplicativos √© que esquenta demais o celular.  Tem que haver um jeito de n√£o esquentar tanto...nos ajudem ,Positivo
 At√© poderia dar mais estrelas mas de um certo tempo para c√° ele n√£o fuciona nem a pau j√° desistalei e estalei novamente e nada j√° reiniciei meu celular e nada. ,Negativo
" J√° foi bom, por√©m est√° muito ruim. Dependo de GPS para o servi√ßo. E n√£o consigo mais me localizar com ele ",Negativo
 Est√° caindo o padr√£o de qualidade. Algumas ruas que aparecem no mapa desaparecem durante a navega√ß√£o. Se arrumar isso dou mais estrelas. ,Neutro
" Nunca vi coisa t√£o ruim,fui localizar rua Paes de Barros, apareceu uma propaganda do Rabinos. ",Neutro
" O app melhorou muito por√©m deixa a desejar mais uma vez na atualiza√ß√£o, os caras coloca uma seta gigante para representar o ve√≠culo, e coloca as ruas finas l√° longe, voc√™ n√£o consegue ver nem onde vai virar, n√£o tem uma configura√ß√£o para ampliar isso, no caso aproximar a navega√ß√£o enquanto se usa o app, acredito que eles t√™m em mente que todos no mundo tem vis√£o perfeita, por favor fa√ßam como o wase, o neg√≥cio √© t√£o pr√≥ximo que voc√™ v√™ claramente onde vai virar, nem todos fazem uso dessas vozes irritantes que √© colocado no app, eu mesmo n√£o uso. ",Positivo
 Muito Bom uso muito no taxi ,Neutro
" √ìtimo, mas poderia pedir pra voltar se por engano pegou o caminho errado e perguntar antes de criar automaticamente outra rota. Pois em rotat√≥rias confunde. ",Neutro
" Precisa  atualizar as fotos das ruas.A faixada da minha casa foi pintada h√°  anos , constru√≠ram tanta casa, fez a pra√ßa no meu bairro e as foto continua as antigas. ",Neutro
" Ficou uma bolinha azul, p√©ssimo, voltem como estava antes, agora deixo definitivamente de usar... ",Negativo
" r  O     e √≥timo ,mas est√° precisando de algumas atualiza√ß√µes e um grades para mais funcionalidades e aproveitamento do aplicativo. ",Negativo
" √â um excelente aplicativo mas deveria ser mais completo por exemplo mostrar radar, com certeza voc√™s tem tecnologia suficiente para acrescentar isso ",Neutro
" Realmente este aplicativo √© o eu uso em qualquer lugar que eu v√°. S√≥ poderia nos avisar onde est√£o instalados os radares, no mais acho que seja o mais completo. ",Negativo
 Muito √≥timo poderia ter avisos de radar e acidentes ,Positivo
 Muito bom...mas tem uma coisa q deve ter pra fica legal..(COLOCAR TAMB√âM O ICONE DE MOTO PARA USAR O GPS.SERIA INTERESSANTE....) ,Neutro
 Muito bom meu passeio !!! ,Neutro
 Poderia a op√ß√£o de offline n√£o ter de ser atualizada a cada 30 dias... ,Negativo
 Na maioria das vezes o caminho/op√ß√£o indicada pelo App fica mais caro e/ou mais distante. ,Negativo
" Estava nota 10. Mas depois de 2 dias na cidade de Foz do Igua√ßu ficou doido. Esta dando diferen√ßa no tempo real ,atrasado um pouco a localiza√ß√£o com a voz √© o pr√≥prio carrinho. ",Neutro
" Do nada sumiu a seta q indica dire√ß√£o e n√£o segue mais o trajeto, s√≥ fica parado, pra q ficar inventando um monte de bosta no app? Deixa do q jeito q estava caramba. ",Negativo
 Toda vez que eu busco um endere√ßo e tento fazer o caminho de transporte p√∫blico o Maps aparece a mensagem trajeto n√£o encontrado. A fun√ß√£o transporte publico n√£o esta mais dispon√≠vel? ,Neutro
 N√£o atualiza as linhas de √¥nibus e op√ß√µes atuais. Fora isso muito bom. Melhore esse ponto e ganhar√° 5 estrelas. ,Positivo
" Usando com o espelhamento Android Auto no Mylink do meu carro (multim√≠dia original chevrolet), ao ligar os far√≥is o mapa fica com tema noturno. A quest√£o √© que preciso utilizar os far√≥is ligados o tempo todo, √© lei em rodovias. E isso dificulta a visualiza√ß√£o, o mapa ta sempre escuro. Deveria mudar somente com o hor√°rio (configurado pelo usu√°rio). ",Neutro
" No meu n√£o funciona. Coloco pra navegar offline, ao inv√©s de aparecer o tri√¢ngulo q se movimenta junto com o carro, fica uma bolinha azul q n√£o se mexe conforme o carro anda, ela s√≥ d√° uns pulos depois q andei v√°rio metros. Como posso resolver esse problema? Tenho um moto x play. ",Negativo
" Como fa√ßo pra desinstalar o APP que n√£o quer desinstalar. N√£o atualiza e nem instalar, que bosta! O google tem dar um feito nisso. Isto prejudica o usu√°rio. ",Positivo
 App √≥timo principalmente off line. Pois as vezes estou perdido e o off me ajuda demais √≥timo ,Neutro
" A CADA ATUALIZA√á√ÉO FICA MAIS LENTO.... Os mapas OFFLINE  com VALIDADE???? Ao fazer zoom os nomes das ruas ficam pequenos,  n√£o se percebe o nome das ruas, √™ preciso uma LUPA... A UTILIZA√á√ÉO APEADADA S√ì FUNCIONA ONLINE???? Bot√£o para desligar servi√ßos, √†s vezes √© para perceber onde √© uma rua... ",Neutro
 Programadores g√™nios Filhas das Pautas!!  Est√£o destruindo com o aplicativo. ,Negativo
" O programa do Maps em si √© muito bom, o maior problema √© a perca de sinal de GPS, quando est√° conectado no 4G n√£o perde o sinal GPS, quando a conex√£o muda pra H+ perde a conex√£o com o GPS na hora e demora uns minutos pra voltar e logo perde novamente, quando a conex√£o muda pra H n√£o perde o sinal GPS, o problema √© com a conex√£o H+ que n√£o sei pq interfere no sinal GPS. J√° a fun√ß√£o Gps acho bem fraca, as principais fun√ß√µes que falta s√£o mostrar radares fixos, mostrar velocidade permitida da rua que se est√° trafegando e a fun√ß√£o offline deveria ser por estado e n√£o por √°rea como √© agora. ",Neutro
" Esse APP √© bom mais ele quando atualiza ele ocupa muito espa√ßo do Android e dificulta a vida do usu√°rio que quer baixar algu√©m aplicativo jogos , m√∫sicas , videos e etc ... ",Negativo
 A op√ß√£o do transporte p√∫blico √© uma porcaria. N√£o acerta um hor√°rio do √¥nibus aqui em Natal-RN. J√° fiz o teste em v√°rios locais. √â s√≥ de enfeite esse servi√ßo. ,Neutro
" Como fa√ßo pra adicionar a rua em que moro no mapa? J√° faz tempo que a mesma existe e n√£o consta no mapa! Guaran√©sia MG, CEP 37810-000.. rua Pedro Lopes filho ",Neutro
 Colocar op√ß√£o de desativar modo noturno ,Negativo
 Vcs deveriam fazerem uma atualiza√ßao para quando usarmos o google maps ter a escolha de que tipo de automovel estamos dirijindo sou motorista de ambulancia e a ambulancia pode anda pelo corredor de onibus ai quando √± sabemos o caminho ele nos ensina a da maior volta para chega no mesmo lugar sendo que pelo corredor ou faixa de onibus e tudo mas facil e rapido ,Negativo
" Na minha cidade ainda n√£o se encontra totalmente atualizado, envia rotas mais longas e dif√≠ceis. ",Neutro
" J√° foi bom agora t√° dando muitos erros,o aplicativo n√£o mostra o trajeto certo.Ajeitem isso tem que melhorar muito ",Neutro
 Este mapa lugares antigos ruim entendi nada. Precisa atualizar novos mudan√ßas mapa cidades no mesmo mas √© s√≥ lugares e casa atualizado tudo porque j√° mudou visual lugares novos  aplica√ß√£o presente. ,Neutro
" Est√° travando (congelando) direto, a√≠ aparece aquela mensagem ""o Maps parou"" e trava e depois temos que reiniciar o Aplicativo. E tamb√©m aquela bolinha na hora de iniciar a dirigir n√£o ajuda em nada, pois, a gente n√£o sabe em que rumo a gente deve iniciar. Voltem com a Seta inicial, pois, essa Bolinha s√≥ atrapalha. ",Negativo
" Eu estava com o problema da Bolinha Azul que muitos est√£o relatando a√≠, formatei o celular e o problema acabou. ",Negativo
" Mt bom aplicativo, para mim s√≥ falta alguns avisos como radares, alerta de velocidade. ",Negativo
" N√£o faz mais o caminho como antigamente, apenas a perspectiva de cima ",Negativo
" O que os programadores fizeram essa.ultima.nova vers√£o? Ficou uma bosta, agora o maps gps n√£o indica mais localiza√ß√£o correta, totalmente fora do padr√£o....Agora o GPS indica o n√∫mero fora do padr√£o que est√° endere√ßada. Entrem contato com ag√™ncias do correioa e fazem ajuste corretamente ",Negativo
 Legal ja vi que est√£o dando uma aten√ß√£o para as pessoas que andam de moto mas ainda vou aguardar lan√ßarem no modo moto a previs√£o do tempo na rota selecionada tamb√©m deveria ter o modo economia onde se apaga a tela do celular e fica a navega√ß√£o s√≥ pela voz para n√£o ter que ficar desviando o olhar da pista ja que a voz do maps √© muuuuito explicativa ,Negativo
" Excelente. OBS.: Alguns locais, como mercados ou lojas, n√£o est√£o aparecendo no lugar onde seriam realmente. ",Negativo
" App eh bom,  por√©m  precisa melhorar a in√≠cio  da navega√ß√£o,  lento para  atualizar uma nova  rota e   o c√≠rculo  inicial atrapalha de mais ",
" Penso que tem notifica√ß√µes a mais...  de fotos, coment√°rios etc e isso atrapalha a navega√ß√£o que √© a verdadeira fun√ß√£o desta app. ",
" Poderia melhorar mais! Parecem que pararam no tempo, os concorrentes a cada dia est√£o evoluindo. ",
" Poderia melhorar a visualiza√ß√£o de navega√ß√£o. Quando se est√° dirigindo, a visualiza√ß√£o do mapa por cima dificulta o entendimento. As vezes uso o Waze, s√≥ por causa disso. Ou coloca uma escala menor (maior precis√£o das informa√ß√µes), ou coloca uma visualiza√ß√£o ""por dentro"" do mapa, que seria melhor ainda pra um melhor entendimento. Enquanto n√£o corrigirem isso, continuarei usando o Waze... ",
" N√£o  sei como conseguem a proeza de estragar um App que era  bom. A navega√ß√£o est√° p√©ssima depois  dessa vers√£o com a tal ""bolinha azul"". Espero que corrijam isso pois pelos coment√°rios o problema parece ser motivo para reclama√ß√£o de v√°rias pessoas. ",
 1-toda hora aparece a mensagem esse aplicativo parou de responder 2- manda virar em locais proibidos (o que n√£o acontece com waze) ,
" Duas estrelas porque o ponto azul fica andando e √± mostra minha localiza√ß√£o correta pois estou parado em um lugar tipo em casa ou no trabalho, e o ponto azul mostra outra localiza√ß√£o como se eu estivesse na rua ou algo assim consertem isso a√≠ quem sabe darei cinco estrelas !!! ",
" Falta implantar um Veloc√≠metro e Indica√ß√£o de Radares, coisa que no Waze tem desde o In√≠cio. Quando colocarem esses 2 itens, ficar√° perfeito üëå ",
" Por favor atualizem logo os lugares pois aqui onde eu moro t√° parecendo casas de uns 8 anos atr√°s, eu quero ver como estar recente!!! nossa da at√© desgosto de ter esse APP no meu celular melhorem isso por favor!!! ",
" Melhoria nas imagens tempo real , a minha cidade √© interior e aparece apenas uns matos constru√ß√£o representando anos atr√°s, atualmente aqui na cidade tem pr√©dio etc, mas no maps n√£o carrega. ",
 Tem que melhorar mais ... Teria que indicar radares e a velocidade real do movimento do ve√≠culo no momento da viagem. Tamb√©m poderia ter uma imagem mais definida.  Precis√£o est√° muito boa. (Pelo menos onde j√° viajei ). ,
 Excelente app ,
 Funcionava perfeitamente ap√≥s algumas atualiza√ß√µes modo offline parou de mostrar as Ruas e avenidas aparece s√≥ eu no GPS antes era perfeito. ,
 Na √∫ltima atualiza√ß√£o o mapa fica torto ou de ponta cabe√ßa. Ajustem pro mapa acompanhar o sentido de deslocamento do carro. Falta ainda informa√ß√µes de radares e velocidades m√°ximas nas vias. ,
" Ultimamente est√° muito ruim, fica o tempo todo tra√ßando novas rotas e por lugares totalmente diferente do meu destino ",
" Cada vez melhor. Nunca fico perdido com ele, mas tirem essa idiotice do mapa offline ter que ser atualizado a cada 30 dias. ",
 App muito top e totalmente intuitivo a todos que utilizam a ferramenta. √ìtimo em localiza√ß√µes e ainda conta com um clique na ponta dos dedos para localiza√ß√£o edi√ß√£o e incluir novos locais no mapa... nota 1000 eu particularmente sou muito f√£ e fa√ßo uso todos os dias e presumo  ajudar dezenas de milhares de pessoas com novidades que frequentemente coloco no Mapa... parab√©ns muito show ,
" Amo o app, sempre me ajuda, mas as vezes preciso consultar um caminho que eu sei ir at√© um determinado local mas n√£o consigo pesquisar a partir desse local at√© o destino final, tipo n√£o tem De tal local para tal lugar, isso me ajudava muito. Porque muitas vezes at√© metade do caminho eu sei ir, mas n√£o consigo pesquisar antes, sem estar no local ",
 Para celular com sistema glonass (meizu) a b√∫ssola apresenta instabilidade. ,
 O aplicativo era bom at√© a √∫ltima atualiza√ß√£o por√©m agora ele n√£o funciona mais a navega√ß√£o ele fica parado quando Vc faz a rota ele n√£o acompanha e n√£o fica o tri√¢ngulo de navega√ß√£o ,
 Casa atualiza√ß√£o tem uma falha. N√£o funciona off line corretamente. Fui usar e s√≥ atrasou meu percurso. Al√©m de coletar dados de quem usar poderiam funcionar como se deve. O Waze funciona bem melhor. ,
" Gosto do Google Maps, mas √© muito confuso quando se precisa acessar alguma via que √© muito pr√≥xima da outra, como um ""Y"", pois falta um simples zoom durante essas manobras. Tamb√©m sinto falta de um alerta quando erro o caminho, como um ""recalculando"" ou ""reajustando"", coisa assim. ",
" ""Nativo"" no celular e da p baixar mapas. Engra√ßado √© o maps informar at√© a faixa que vc deve tomar qdo dirige. To qse deixando de usar o waze. ",
" Nossa, porque quando um app √© otimo o desenvovedor resolve estragar tudo ?üòù Esse maps ficou horrivel, primitivo, sem no√ß√£o, completamente desnecess√°rio. Vou procurar outro app que possa me ajudar at√© que voc√™s recobrem o ju√≠zo e traga o bom app de volta üò≠ ",
" No meu caso, me atende, em Lisboa! Mas h√° quem n√£o goste, pois confunde muitas ruas... ",
" Se colocar os radares e o veloc√≠metro do app Azul claro, o Google maps vira o melhor app de navega√ß√£o de todos. ",
" quando nego a localiza√ßao , ficar piscando um baner irritante com"" localiza√ß√£o negada, saiba mais"" e agora se nego a localiza√ß√£o  simplesmente  n√£o  consigo fazer nada dentro  do app. ",
" App bom. Mas depois que atualizou o mapa fica de cabe√ßa para baixo,e conforme voc√™ Vai entrando nas ruas tem que ficar girando o celular junto para poder acompanhar. Seria interessante corrigir esse detalhe,pois o mais ta show de bola. ",
 E horr√≠vel n√£o consigo mudar o n√∫mero da minha casa ,
 Nunca me deixou na m√£o. ,
 Deveria ter navega√ß√£o off LINE por voz sem necessidade de fazer download da area ,
 Pesa muito na mem√≥ria e est√° lento. Demora na agilidade durante o uso. Mas n√£o enfia n√≥s em furada ou favelas. A plataforma √© forte por√©m sem interesses. ,
" Falta um corretor online e offline, erra uma letra e n√£o acha nada, chato isso ",
" O aplicativo √© fant√°stico, permite inclusive fazer uma simula√ß√£o da rota para que n√£o tenhamos surpresas no caminho. Eu apenas gostaria de fazer uma ressalva, que seria o fato de n√¢o ter um radar de velocidade, mesmo que tiv√©ssemos que pagar uma taxa para a utiliza√ß√£o do software. ",
" Esse app so direciona rotas passando por dentro de favelas,  eu estava no lins e ele me deu a rota passando por dentro do jacarezinho, e outra passando pelo complexo do alem√£o ai e f.... N√©, eu sou carioca e conhe√ßo e rio de janeiro, imagine quem n√£o e daqui. ",
 Maps econ√¥mico em mat√©ria de consumo de dados e √≥timo para o uso! Adoro! N√£o vivo sem ele! ,
 Sempre adorei mas na √∫ltima  atualiza√ß√£o est√° me deixando em apuros pois trava e demora  um  pouco  para voltar... Por favor  me ajudem pois acho que √© o melhor de todos pelo menos  no meu  caso. Valeu ! ,
 O maps fica dando mensagens de erro quando tento abri-lo e tamb√©m quando n√£o estou abrindo ele ,
" Uma boa forma de orienta√ß√£o seja de carro, a p√©, etc. Com informa√ß√µes √∫teis durante o trajeto: tr√¢nsito, tempos e outras. ",
" S√≥ tem um problema,  √© muito f√°cil de ser arqueado! ! Neste dispositivo o ponto azul do mapa depois de um certo tempo de uso, come√ßou a se mover automaticamente como se tivesse saltando de cada em casa!! ",
" Acho muito confuso, coloco um destino que tem v√°rias op√ß√µes ent√£o verifico e quero voltar para ver outros trajetos n√£o consigo. ",
 Depois da √∫ltima atualiza√ß√£o ele t√° travando muito t√° parando muito e o aplicativo n√£o t√° conseguindo abrir para fazer novas rotas e n√£o est√° conseguindo fazer novas rotas ele est√° travando e n√£o consegue funcionar normalmente ,
" Esta horr√≠vel o aplicativo ele trava pra funcionar vc tem q reiniciar o aparelho, e ainda eles tem a capacidade de falar q est√° mais f√°cil usar ",
 Muito bom üòÇüòÇ ,
" Estou bastante satisfeito com o aplicativo. Recebi com muitos bons olhos o feedback sobre a navega√ß√£o que surge imediatamente ap√≥s seu t√©rmino, sobre o grau de satisfa√ß√£o bem como da acertividade da mesma. Gostei muito da op√ß√£o rotas alternativas ""mais r√°pidas"" em tempo real m Mas ainda d√° para melhorar muito mais. Inserir radares do percurso, limites de velocidade e seguran√ßa das vias s√£o itens necess√°rios. Mas ""o futuro"" pede uma maior interatividade com as ordens por voz, como por exemplo, ""ok Google, compartilhar rota com..."" Recomendo o Google Mapas ",
" Estou decepcionado com o local guides! A gente se dedica a contribuir com o mapa local, compartilhando nosso conhecimento e tempo, e o que a gente ganha s√£o apena alguns descontos sem muito sentido. Poderia melhorar o modo de recompensar os contribuintes do local guides. Tipo, poder trocar os pontos por recompensas, cr√©ditos na Playstore ou produtos nas empresas associadas ao Google. Vcs podem melhorar a qualidade das recompensas ent√£o fa√ßam isso. N√£o falo s√≥ por mim, falo por todos os local guides que contribuem para o maps ficar melhor sem receber o que de fato merecem. ",
 Top! ,
 O app √© muito bom me ajuda por que eu trabalho como motorista mas eu uso o app em offline at√© esses dias mas agora n√£o esta mais funcionando ser√° que vcs pode melhorar ,
 A nova atualiza√ß√£o est√° horr√≠vel. As rotas n√£o andam de acordo com o ve√≠culo. Voc√™ passa do trajeto e s√≥ depois mostra que era pra virar duas ruas antes. ,
" No meu cel me salvou de mtos problemas qdo confie num  de carro desatualizado... s√≥ uso ele e nunca mais me perdi, viajo e ando em lugares desconhecidos... me mostra acidente, tr√¢nsito desvia pra caminhos mais r√°pidos... top! ",
" Essa nova atualiza√ß√£o est√° p√©ssima,  s√≥ aparece a vis√£o a√©rea e n√£o tem como seguir nesse sentido, e o mapa off line n√£o funciona. ",
" Ele √© √≥timo, tanto para quem est√° de carro ou a p√©. Por√©m ele travou algumas vezes, corrigindo esse detalhe ele √© completo. ",
 Depois da √∫ltima atualiza√ß√£o ficou muito ruim. O meu parece estar de ponta cabe√ßa. A seta azul come√ßa a andar pra tr√°s. Ficou muito ruim... ,
 Muito preciso mesmo ! App eficaz e necess√°rio hj em dia. Recomendo. ,
" Sempre usei o Maps mas infelizmente ele n√£o mostra mais o percurso em vis√£o terrestre apenas em vis√£o a√©rea, tornando o trajeto um tanto quanto complicado. Tentei de todas maneiras reconfigurar mas foi imposs√≠vel, a √∫nica solu√ß√£o que encontrei foi utilizar o Waze. ",
" Esse app √© muito bom, s√≥ falta aumentar o tamanho das √°reas offline, pois s√£o muito pequenas para um pa√≠s continental e com muitas √°reas sem cobertura de telef√¥nica com acesso a internet. ",
" Tem que atualizar. Ele est√° bem desatualizado, tem lugares virou contra m√£o.  Tem lugares n√£o tem acesso,√© o app indicar que sim, tem lugares agora constar ped√°gio,√© o app indicar que n√£o, est√° semana foi para em dois ped√°gio. Acho que realmente est√° precisando de uma boa atualiza√ß√£o. ",
" Eu acho que deveriam colocar op√ß√£o de moto, e avisos com √°udio e imagem de onde tem fiscaliza√ß√£o eletr√¥nica, e editar o mapa para n√£o indicar rotas por comunidades, por√©m nessa quest√£o dei 3 estrelas assim que essa op√ß√£o existir e funcionar darei 5 estrelas . fora isso √©  um √≥timo app, mas pela quest√£o do aviso de fiscaliza√ß√£o e velocidade  eu uso o wase, por√©m gosto do maps, s√≥ falta essa quest√£o. ",
" V√°rias ruas e n√∫meros q n√£o batem com o local , precisar ser atualizado , mas √© um bom app e ajuda muito , se acertar isso fica perfeito! ",
" Continuam insistindo na desgra√ßa da bola azul que nos joga numa verdadeira loteria pra apostarmos e acertarmos ou n√£o a dire√ß√£o correta pra seguir!!!!üò°üò°üò° A seta de navega√ß√£o deve aparecer desde o in√≠cio da navega√ß√£o. Aquele c√≠rculo azul deixa tudo confuso, o mapa rotaciona e temos que adivinhar pra onde ir por alguns instantes at√© a seta resolver aparecer. J√° quase me acidentei por isso, est√° horr√≠vel!!! Pelo amor de Deus consertem isso logo!!!",
" O Google n√£o oferece nada atualizado para, as regi√µes, do interior por exeplo: n√£o h√° streetview nas cidades de Medicil√¢ndia e Brasil Novo. Acho que deveriam trabalhar com essas √°reas tamb√©m. ",
" Estou muito irritado com esse maps, Todo momento que eu tiro uma foto ele tenta postar ela em p√∫blico, e ainda em lugares que nunca estive. ",
 O transporte mais usado da zona oeste BRT RIO n√£o aparece na rota dos mapas. BRT e transporte p√∫blico. ,
 Quando eu vou pedir um Uber pelo app ele trava :/ ,
" Vou dar uma dica para  quem  pede localiza√ß√£o de radares, andem com a velocidade compat√≠vel com a via. A√≠ fica de boa! ",
" O aplicativo e bom ,mas tem que atualizar as imagens dos locais que est√£o um pouco antigas ",
 Falta rel√≥gio de velocida (veloc√≠metro  ficaria ainda melhor) ... A√≠ estaria completo o app t√° perdendo pro waze. ,
" Estou usando a muito pouco tempo, Mas j√° percebo que √© um bom App. ",
 Se tiver  sem o sinal  da operadora  celular  j√° era  trava e vc  vai seguir  pelas  placas de sinaliza√ß√£o   informando  as BR  e se n√£o  tiver  vc  t√° em rolado ,
" Por favor, coloquem a op√ß√£o de baixar uma rota inteira de um ESTADO para o OUTRO de qualquer lugar do BRASIL.   E a op√ß√£o de fazer o download de um Mapa s√≥ aparece quando bem quer aparecer, mudem isso por favor.   Deixem a op√ß√£o l√° dispon√≠vel para a gente fazer o download de um Mapa de uma Cidade, de um Estado inteiro,  ou de uma ROTA inteira pra rodar off-line, Caramba.   Pois n√£o √© todos os lugares que a gente tem Internet n√£o poxa. ",
 O que falta √© haver uma op√ß√£o de poder descarregar a rota/mapa para o caso de viagens por pa√≠ses e n√£o ter tr√°fego de dados e poder ter o mapa/rota off-line! No meu caso Portugal-Sui√ßa deveria ser poss√≠vel obter a rota/mapa e poder descarregar e poder navegar off-line. ,
" Estar marcando errado, um estabelecimento comercial em outro lugar, que n√£o tem nada a ver. Mostra um posto de combust√≠vel que n√£o existe no local ",
 Vc deveria colocar radares fixos e m√≥veis a√≠ ficava top mais n√£o colocar e ser mais pontual tamb√©m. ,
" O programa do Maps em si √© muito bom j√° a fun√ß√£o Gps acho bem fraca, as principais fun√ß√µes que falta s√£o mostrar radares fixos, mostrar velocidade permitida da rua que se est√° trafegando e a fun√ß√£o offline deveria ser por estado e n√£o por √°rea como √© agora. ",
 Muito bom! ,
" Tem muita ruas, bairros de cidade que n√£o existe no mapa üëé isso prejudica a uso do app. ",
" Seria muito bom adicionar a op√ß√£o de desativar a ativa√ß√£o autom√°tica do layout de modo noturno. Isso tanto para o aplicativo usando o celular quanto quando conectado ao Android Auto.  No Brasil o acendimento dos far√≥is tamb√©m √© obrigat√≥rio durante o dia. Com o acendimento o app entende que est√° a noite, no entanto n√£o est√° e acaba atrapalhando a visualiza√ß√£o no sistema multim√≠dia do carro (que √© o espelhamento do app). ",
 N√£o est√° navegando no meu tbm s√≤ fica na bolinha azul e quando ando com o carro ela fica mais perdida do que eu meu celular e um Samsung j7 prime ,
" Amei esse APP. J√° √© o meu preferido , baixei mapas offline e ativei o modo wi-fi para economizar dados e agora s√≥ uso ele. Deixei o Waze para l√°, por√©m tenho uma sugest√£o para melhorar o app, coloquem o veloc√≠metro e os radares no mapa. Show! ",
" Um bom App, mas poderia ser incluso um veloc√≠metro assim ter√≠amos um controle perante os radares e como op√ß√£o de ve√≠culo ter motocicletas  pois h√° vias que √© proibido o tr√°fego e o App  n√£o distingui isso. ",
 Os dados do mapa de cidades menores s√£o pouco atualizados. Os caminhos distinguem zonas de risco... ,
 Quando meu Android atualizou para 7 esse maps n√£o funciona corretamente. N√£o est√° como era antes ..por favor pessoal respons√°vel pela programa√ß√£o ajeita isso a√≠ por favor ,
" S√≥ n√£o pode mais deixar a gente na contra m√£o. A√≠ sempre temos que pegar outra rota, e come√ßar a busca novamente! ",
 Vamos atualizar as localiza√ß√µes n√© Maps. Estou aqui arrasada. Acabei de perder uma prova de concurso por me fornecerem endere√ßo errado. ,
" N√£o instalem, a op√ß√£o de evitar ped√°gio n√£o funciona, pois agora tive que pagar 2 ped√°gio. Eu odieiiiii ",
 Concordo com coment√°rio que o rapaz de baixo fez o mapas do Google ja foi melhor mais ultimamente est√° deixando a desejar na quest√£o de qualidade n√£o tem mais tanta precis√£o nos endere√ßos informa ruas erradas manda entra em ruas que est√° na contramao tem ruas faltando ,
" Esse Gps √© o meu preferido! Entretanto, ultimamente ele tem travado bastante quando tento ver alguma localidade diretamente no mapa. Eu aproximo e ele demora bastante para mostrar os detalhes do lugar, mesmo usando wifi. Se corrigir isso a√≠ vai pro 10. ",
" O melhor gps do Brasil, depois da atualiza√ß√£o ficou lento, pesado e demora muito muito mesmo para calcular uma rota e muitas rotas com voltas desnecess√°rias, eu como motorista terei q trocar p o Waze o q n√£o gosto, mas por incr√≠vel q pare√ßa est√° mais r√°pido. ",
" Google maps n√£o est√° narrando meu trajeto durante a navega√ß√£o. Est√° mudo. J√° mexi na configura√ß√£o, mas nada resolveu. O que fazer? Algu√©m pode me ajudar? Aguardo retorno. Obrigada ",
" Muito bom, por√©m vou dar 3 estrelas porque o bluetooth n√£o funciona como deveria no meu carro (Fox). O app n√£o interrompe a m√∫sica do r√°dio, CD, pendrive para anunciar as dire√ß√µes. Funcionava perfeito no meu Lumia 930. ",
 E muito ruim navega pelo celular para se move pelas ruas deveria facilitar mais pelo celular!!! ,
" Ol√° .. Bom Dia! N√£o sei o que ta acontecendo com o app ultimamente, anda travando e o gps n√£o est√° atualizado, n√£o est√° dando o caminho correto.. ruas sem sa√≠das, e obras no caminho... temos que volta pra tr√°s, atualizar, e o gps da o mesmo caminho que estavamos.. Por Favor revolver isso.. Anda mim prejudicando muito.. ",
" Ficou p√©ssima, demora para atualizar a rota, gostava quando iniciava com a seta. O ponto azul as vezes nem se mexe. O app da muito bug. Saudades da vers√£o anterior. ",
" Antes eu usava pra ir a qualquer lugar. Moro em Gen√®ve-Sui√ßa e de um m√™s para c√° n√£o aparece mais as op√ß√µes pra pegar bus e trem convencional. S√≥ caminhada e trem metropolitano, que transporta de uma cidade pra outra. Estragaram o aplicativo! ",
" Gosto muito mas s√≥ n√£o dou 5 estrelas porque n√£o gosto do mapa a preto, custa mais a ver. ",
 S√≥ falta uma coisa ! Colocar avisos de Radares como existe por exemplo no Waze ,
" Poderia n√£o ocupar um grande espa√ßo no armazenamento e as rotas n√£o facilitam o planejamento de minha viagem em rela√ß√£o  aos percursos, linhas e hor√°rios mostrados do transporte p√∫blicos. ",
" No meu celular moto g4 play n√£o est√° funcionando , no aplicativo eu n√£o saio do lugar , com quase um ano de uso do celular n√£o consigo usar ele j√° tentei v√°rias vezes ,queria que resolvessem o meu problema ",
" App excelente, funciona tanto online como offline... √â uma m√£o na roda aqui no EUA. ",
" Eu gosto muito da op√ß√£o de mapas offline, mas imagem do mapa e horr√≠vel, voc√™ da um zoo o mapa fica todo borrado ou seja uma op√ß√£o quase in√∫til pra quem quer se localizar quando estiver sem internet ",
 Boa tarde. N√£o sei se √© s√≥ o meu. Mais quando eu ia fazer a rota ele no mapa n√£o ia pra frente. O √≠cone de ir pra frente andava direcionado pra frente mas o percurso vinha pra tr√°s.  Tavares dif√≠cil.  Agora att vou verificar. ,
" Infelizmente n√£o √© igual ao do navegador, precisa deixar id√™ntico. N√£o tem como adicionar a minha casa devido a nome de rua, bairro e etc n√£o est√° correto e desatualizado. Muito estranho isso, talvez por ser focado para celular. Deixa muito a desejar em termos de fluidez, √© claro depende da configura√ß√£o do celular. Est√£o no caminho! ",
 O aplicativo est√°  travando. J√° mandei in√∫meros feedbacks para a Google e nada. ,
" O sistema de cor de tr√¢nsito e navega√ß√£o se confundem, isso j√° inviabiliza muito o uso, passou da hora do Google atentar e atualizar a parte gr√°fica do app ou integr√°-lo ao Waze, levando coisas positivas como a indica√ß√£o das faixas de tr√¢nsito para convers√µes. ",
 Muito bom ,
" App bem √∫til. Sinaliza todos os tipos de pontos comerciais, inclusive os bem pequenos. ",
" Esse Aplicativo era √≥timo , at√© uns 6 meses atr√°s por√©m troquei de celular tinha um gram Prime achei que era ele com defeito , agora estou com um Galaxy S7 e continua horrivel ainda mas agora que s√≥ da pra visualizar de cima ! ",
" Vou tentar essa atualiza√ß√£o, pois as atualiza√ß√µes anteriores estavam com bugs, pois me colocavam e m ruas sem sa√≠da e o tempo de chegada no destino estava dando muitas discrep√¢ncias. Por v√°rias vezes tive que retirar as atualiza√ß√µes ",
" O ponto fraco √© n√£o poder adicionar mais de 10 paradas, o sistema √© bom; entretanto com a din√¢mica do cotidiano FALTA ATUALIZAR V√ÅRIOS ENDERE√áOS... Google Maps  foi superado pelos concorrentes! ",
" Podia atualizar o sistema dele, t√° tudo as casas antigas, as casas n√£o  t√£o como s√£o hoje ",
 An absolute must for travelling. Made my life SO much easier while in London. ,
" Deve ser a consequ√™ncia da prolifera√ß√£o de programadores g√™nios. Agora que todos s√£o g√™nios da inform√°tica.... Entendam primeiro o que √© ""vari√°vel"", tenho certeza que ajudar√° bastante! Excepcionalmente ruim! ",
" Falta colocar a op√ß√£o de radares e redu√ß√£o de velocidade na via, op√ß√£o de mapas de carros motos e caminh√µes ",
" Tem que atualizar o mapa,tem vilas que fez a um ano atr√°s e ainda n√£o tem",
 A minha rua tem o nome mal! Mais de um m√™s q mandei a corre√ß√£o e ainda nada! Quando corrigirem subo a nota! ,
" Bom app com rotas alternativas a todo tempo, mas as vezes ainda coloca em furadas como contra m√£o e acessos que n√£o existem/proibidos. ",
" Aplicativo muito √∫til. Muitas fun√ß√µes excelentes para todas as pessoas desde naturais de uma cidade at√© turistas. Trajeto em tempo real, linhas de √¥nibus e metr√¥, navega√ß√£o offline (ap√≥s ter baixado o mapa da regi√£o). Gostaria de sugerir que no mapa offline, pudessem disponibilizar o trajeto a p√© e o trajeto usando o transporte p√∫blico, seria de grande utilidade. ",
" Entro nas configura√ß√µes para colocar a voz da mulher do Google para auxiliar os trajetos , ela n√£o fala nada o mapa buga , fala que t√° em uma rua mas na verdade voc√™ est√° em outra , depois que atualizei virou uma movuca üëéüëéüëéüëéüëé ",
" Camarada at√© que o aplicativo ajuda bastante. O problema maior est√° sendo que n√£o consigo fazer uma rota muito distante com a op√ß√£o de carro, s√≥ aparece a op√ß√£o para bicicletas kkkkkk, t√° meio louco, mas aconselho. ",
" Usava faziam anos, mas est√° horr√≠vel agora, imposs√≠vel de usar. Numa atualiza√ß√£o recente ele parou dar uma imagem da posi√ß√£o em primeira pessoa, e fica dif√≠cil de se localizar ao dirigir. ",
" App melhorou muito desde algumas vers√µes anteriores. Agora a precis√£o √© de menos de 5 mtrs. Sem falar na quest√£o de imagem em 3D, que ajuda muito a identificar o percurso. S√≥ acho que deveria colocar um alerta pra quando estiver em √°reas de risco. Como favelas ",
 Depois da atualiza√ß√£o n√£o consigo fazer o download dos locais ,
" Teria como avisar os radares ,como outro aplicativo concorrente. Pois isso ajudaria muito mais os usu√°rios ? Se tiver como colocar esse recurso no app ,ser√° o melhor de todos ",
 As ultimas atualiza√ß√µes estragaram o APP muito melhor antes principalmente essa linha azul qi atrapalha a navega√ß√£oüòí ,
 Aplicativo incr√≠vel! Realmente muito √∫til. Nunca me deixa na m√£o. O melhor! ,
 S√≥ falta a fun√ß√£o pra caminh√µes geralmente s√£o rotas diferente iria ajudar muito quem trabalha com transportes de cargas ,
" Uma porcaria, botei destino para beira mar fui parar em uma boca de fumo quase fui roubado, moro em fortaleza e a localiza√ß√£o tava no sul do pa√≠s ",
" Ap√≥s a √∫ltima atualiza√ß√£o o app me orientou a entrar na contram√£o, atravessar ruas de acesso exclusivo a pedestres e subir ""escad√µes"". Al√©m de fazer rotas muito ruins. ",
" Ultima atualiza√ß√£o esta me dando problemas, bugs com o GPS e o mapa nao gira pro lado que estou indo. ",
" Eu amo esse ap de anem ter gps ele fala valores de taxi uber 99 , faz a calcula a kilometragem da distancia ate seu destino , explica como faz a tragetoria de condu√ß√£o ate seu destino de bociclata ap√© , fora que ele procura todos restaurantes √°ria de lazer e etc tudo perto de voce  d+ esse  ap . Parab√©ns  os criadores . ",
" Precisa atualizar.muitas vezes coloca a gente na contra m√£o e at√© mesmo em escadarias. Um carro vai subir e descer escadas, at√© mesmo escadas mais estreitas que o pr√≥prio carro. Isso n√£o existe, n√£o √© Google Maps? Tem que melhorar, e muito!!! ",
 √â uma bosta sempre quando desistalo instala automaticamente de novo . Um L-I-X-O ,
" Ligo o modo carro e o app s√≥ exibe uma vis√£o superior do mapa que n√£o serve pra nada. Leva um.milebio pra corrigir e atualizar minha rota. Resumindo, √© in√∫til ",
 Irineu voc√™ n√£o sabe nem eu ,
" Parab√©ns pelas mudan√ßas!!! Agora voc√™s podem incrementa um √≠cone e uma aba pra marcamos os lugares que j√° visitamos e linkar isso ao google trips  assim, vai virar v√≠cio querer deixar tudo marcado ou seja, visitar tudo no mundo e como um jogo sem fim ü§î ",
" Ameii,√≥timo aplicativo,n√£o trava no meu aparelho , obedece as minhas ordens... Gostei muito da nova atualiza√ß√£o. O GPS ajuda bastante quando examino as rotas üëçüòç‚ù§ ",
" Bem que vcs poderiam criar um igone dentro do app para salvar a rota que vc faz com o seu carro rua por rua,n√£o de um ponto a outro em linha reta que nem na linha do tempo ajudaria muito o pessoal que ussa para trabalho o Maps ",
" Quando preciso navegar, n√£o aparece mais a seta azul, somente um ponto azul por cima do mapa, n√£o encontrei solu√ß√£o. Esse app j√° foi bom ",
 √ìtimo mas gostaria que desse pra baixar os dados de telemetria como baixa no strava ,
" Era √≥timo, mas agora ele fica se perdendo o tempo todo e n√£o acompanha minha posi√ß√£o direito.. pra que serve ent√£o?! ",
" Simplesmente horr√≠vel, demora uma eternidade para calcular a rota, deveria ter a op√ß√£o do usu√°rio escolher se quer trabalhar com modo noturno, esse modo noturno √© horr√≠vel para dirigir deveria ter a op√ß√£o de desabilitar ",
 Deixem o maps na navegacao de carro com o formato da seta igual a do Wase!! Tirem essa maldita bolinha azul!!!..  Valeu!!! ,
" Comecei a contribuir no Google maps quando voc√™s falaram que iam dar 100 gigas de armazenamento no drive para quem chegasse no n√≠vel 4 Cheguei e n√£o recebi, tem muitas pessoas frustradas com isso tamb√©m Se voc√™s derem esse armazenamento eu volto a contribuir no local guide ",
" N√£o estou conseguindo pedi, so fica dando tente novamente mais tarde ",
" ****Conseguiram piorar o que j√° era ruim.****  Leva agora, ap√≥s a  atualiza√ß√£o  um ano para abrir!.Os mapas est√£o com erro de cerca de 300m da localiza√ß√£o correta.  Baixei outro aplicativo que mostra a posi√ß√£o correta. Ap√≥s a √∫ltima atualiza√ß√£o, continua p√©ssimo.  Mesmos erros de localiza√ß√£o, as mesmas imprecis√µes.   Precisa melhorar muito para ficar ruim. ",
" √ìtimo aplicativo, mas seria interessante se tivesse a op√ß√£o da pessoa chegar na localiza√ß√£o e ele sugerir se quero registrar no Google agenda! Com, nome da rua, numero, bairro, cidade, quantidade de quil√¥metros percorridos e o titulo da viagem, pra serem visualizadas na agenda! E a pessoa sempre ter um registro das viagens diarias! ",
" Essa bolinha azul do in√≠cio da navega√ß√£o √© p√©ssima!!! Pois, se voc√™ est√° em baixa velocidade, ela n√£o define a dire√ß√£o, o que acaba sendo um PERIGO, dependendo da via. Consertem isso o quanto antes!! ",
" √ìtimo app de mapas e navega√ß√£o em tempo real, poderia possuir mais recursos de alimenta√ß√£o por usu√°rios e t√©cnicos de tr√¢nsito para facilitar a locomo√ß√£o e a funcionalidade de transporte ",
" Para ficar melhor,  poderia ter a op√ß√£o de mostrar a velocidade que o carro est√° ",
" Poderia ter dos usu√°rios colocarem os radares eletr√¥nicos  de velCidade, da√≠  ficaria  perfeito. ",
 Amo pq pode usar offline e isso ajuda muito qnd est√° sem 4G ,
 Trava muito e n√£o sai do mapa por muito que carregue no bot√£o sair continua na mesma. Atualizem para resolver esse problema. ,
 J√° foi excelente mas a alguns dias coloco o destino ele tra√ßa a rota mas n√£o acompanha o deslocamento do carro! Precisa de uma atualiza√ß√£o urgente! ,
" √ìtimo em minha opini√£o, quem disse o contr√°rio ou √© louco ou tem um celular de bosta que s√≥ guenta rodar Facebook. Uma dica √≥tima, eu uso outros aplicativos do pra ver os radar, se voc√™s colocassem os radares iguais nos outros aplicativos isso faria muitos aplicativos de concorr√™ncia ficarem pra tr√°s s√≥ uma dica, obrigado. ",
" Por mais que eu desative as notifica√ß√µes, elas continuam, com sons e pop-ups a qualquer momento, mesmo sem usar o aplicativo. Desrespeito ao usu√°rio. ",
" Excelente, mas deveria ter uma op√ß√£o para excluir fotos com conte√∫dos irrelevantes, pois clientes est√£o postando fotos de seus produtos em nosso cadastro de empresas. ",
" P√¥ fica a desejar parece que os caras est√£o com pregui√ßa de passar em algumas ruas. Quando precisamos percorrer as ruas,n√£o vai porque o ve√≠culo n√£o passou na rua. Um exemplo! na rua (rio amazonas) no jd rivieiro ,parque Miami em santo Andr√©, o carro s√≥ foi na entrada da rua. Muito ruim. ",
" Com a possibilidade de salvar mapas off line o aplicativo ficou show. P melhorar, poderia ter veloc√≠metro com alerta de velocidade acima da permitida, como no here we go. ",
" √ìtimo aplicativo se voc√™ quiser pegar o √¥nibus errado, se perder e ter que caminhar por 1h para voltar √† sua casa. Recomendo a todos que querem ocupar a mem√≥ria de seus celulares, terem p√©ssimos momentos na vida e, claro, recomendo principalmente aqueles que querem perder tempo e dinheiro. ",
" ... falta urgente a disponibiliza√ß√£o de mapas com navega√ß√£o offline de S√£o Paulo, visto que n√£o √© sempre que temos acesso a internet m√≥vel (p√©ssima qualidade de sinal das operadoras de celular brasileiras) e t√° na hora do Maps absorver as fun√ß√µes do Waze (que foi adquirido pela Google) para informar radares, acidentes, etc ",
" Simplesmente uma porcaria. Os feras da √°rea de T.I. na realidade, s√£o burros, pois tudo que eles desenvolvem ou atualizam, travam nos celulares ou n√£o funcionam! ",
" Eu gostava mto de utilizar o maps, por√©m qdo troquei de celular para o moto g play ele come√ßou a travar e acabar atrapalhando muito nos trajetos. ",
 Em quest√£o de informa√ß√£o de transporte p√∫blico ainda falta muita coisa para melhorar. ,
 Depois da √∫ltima atualiza√ß√£o nao mostra mais os caminhos de modo horizontal (somente de cima para baixo). Isso dificulta a visualiza√ß√£o no tr√¢nsito. E n√£o consegui alterar para a visualiza√ß√£o horizontal padrao dos navegadores GPS. ,
" Depois dessa suposta atualizacao para corrigir ""Erros"" o maps ficou mais errado do que nunca.... rotas mais longas e demoradas. Enfim o maps se tornou uma cat√°strofe... corrijam de maneira certa o app por favor!!!!! ",
" O app √© bom! O motivo pelo qual n√£o uso com frequ√™ncia √© o consumo gigantesco de bateria!! Uma pena j√° que o Google te ""obriga"" a us√°-lo n√£o permitindo em muitos casos a escolha do app de navega√ß√£o. Poderia melhorar a navega√ß√£o( ficar parecido com o waze) ",
 Excelente meu parceiro de trabalho ,
" Nota m√°xima sempre. App muito preciso, n√£o trava. ",
 As vezes odeio esse app porqu√™ as imagens sao muita antiga e isso irrita muito üò† melhorem isso por favor ,
 Muito desatualizado fui olhar hj dia 03/12/2017 umas fotos e localiza√ß√£o tudo antigas mesmo com tanta aten√ß√£o no app ainda continua no passado 0 estrela ,
 Mudou tudo n√£o consigo mais ver hor√°rio do meu √¥nibus finais de semana est√° aparecendo apenas segunda a sexta-feira ficou uma bosta me ajudem! ,
" App nota 10 , msm sem net e a rota carregada ele continua mostrando a rota haha show de bola ",
 O app √© bom e a cada dia tem sido √≥timas as melhorias. Por√©m uma atualiza√ß√£o que atrapalha muito √© que muitas das vezes nos coloca em apuros durante a rota definida e o MODO NOTURNO pois dificulta muito a vis√£o...... GOOGLE por favor coloque uma disponibilidade para alterar o modo NOTURNO para o DIURNO.  Aguardo o contato de voc√™s. ,
 O app √© bom. Em certos momentos o sinal de GPS sone. ,
" Sempre usei. Mas N√£o da para confiar, ultimamente N√£o est√° funcionando direito. N√£o est√° dando zoom nem virando o mapa para visualiza√ß√£o.  Navegando de ponta cabe√ßa. ",
 Estava √≥timo agora eu coloco destino ele me mostra a rota mas n√£o acompanha o deslocamento do carro ,
" √â muito bom! √Ågil para recalcular nova rota, por√©m me colocou em ruas contram√£o, isso n√£o pode acontecer vindo de um app de alta qualidade, espero que isso seja arrumado com urg√™ncia. ",
 Eu achei muito ruim  üëÖüëÖüëåüëéüëé ,
" Era meu gps preferido mesmo n√£o mostrando radares, mas depois das √∫ltimas atualiza√ß√µes o app n√£o mostra mais pra qual dire√ß√£o eu estou virado no in√≠cio das viagens e isso me atrapalha muito. Corrijam por favor e voltem a ser o melhor app! ",
" Quando pesquiso um lugar, no menu Suas Contribui√ß√µes aparece esse lugar para avaliar como  se eu estivesse visitado o local, n√£o acho correto o melhor seria pedir uma avalia√ß√£o caso tivesse visitado o local. Uma sugest√£o seria a ordena√ß√£o da data de postagem dos coment√°rios de mais atual para a mais antiga. Fun√ß√µes que j√° existem no Tripadvisor e Facebook. Outra sugest√£o seria poder tra√ßar o percurso √† p√© quando estiver offline. ",
" N√£o funciona mais como GPS, nem aparece de acordo andamos, fica s√≥ na porcaria do mapa olhando de cima e um ponto, lixo. ",
" √â um √≥timo aplicativo, mas nos √∫ltimos dias vcs mudaram a vis√£o pra quando usa o carro, pra uma vis√£o de cima, ficou horr√≠vel, por favor, voltem a op√ß√£o antiga ou coloquem como opcional o modo de vis√£o ",
 App muito bom para explorar e para localizar rotas a p√© e de transporte p√∫blico. As outras op√ß√µes eu n√£o uso muito. ,
" Com essa atualiza√ß√£o n√£o dar mais para ver ""meu local"" quando preciona o bot√£o, nao consegue achar mais! ",
" J√° dei nota m√°xima para esse aplicativo mas n√£o est√° mais √† merecer. Antigamente tinhas rotas de transporte p√∫blico perfeitas hoje s√≥ me indica √¥nibus intermunicipais de 10 reais pra cima, optei pelo CityMapper. √â uma pena. ",
" Acho que as sugestoes de rota devem ser conciliadas com horarios de funcionamento de balsas por exemplo. Segui a sugest√£o de trajeto do maps, mas quando cheguei ao local de embarque da balsa a mesma nao estava no horario de funcionamento. Perdi meu compromisso e rodei 600km atoa. ",
 Precisei desinstalar todas as atualiza√ß√µes pra voltar ao normal. Acho que agora vai funcionar... ,
 Muito bom s√≥ n√£o diferencia carros de caminh√£o ,
" Cada vez que passa esse aplicativo fica melhor, sempre acrescentando novas fun√ß√µes. A ideia de por imagens do local √© muito √∫til, pois, me ajuda a encontrar endere√ßos que nunca tinha ido antes. Por√©m, at√© hoje me morga a decis√£o do google quando deixou de oferecer o pr√™mio surpresa pra quem conseguia alcan√ßar o n√≠vel 5. Deveriam voltar com os brindes para quem contribue ",
 Maps exelente sempre uso pra chegar em qualquer lugar que eu n√£o conheco ,
 Gostei muito Mas poderia colocar ele Pra funcionar em cidades Pequenas e imagem do lugar Onde vc quer ir e onde vc Esta para caso vc se perca E so olhar no celular a imagem Do seu destino que vc acharia  Com mas facilidade fora esso. Esse apps e TOP de linda . PARAB√âNS para quem criou ele ,
" Sumiu o GPS, agora est√° embutido e com menos op√ß√µes. Sem contar que o pr√≥prio google maps piorou. J√° desinstalei a atualiza√ß√£o, agora voltou tudo normal ",
" Tem vez q a navega√ß√£o  fica d cabe√ßa pra baixo, tenho q colocar o cel. de cabe√ßa pra baixo tbem pra entender..... ",
" Esta precisando atualizar, aparecendo rotas inexistentes, na sua linja do tempo aponta lugares que voc√™ n√£o foi. ",
 Era muito bom mas ultimamente est√° tra√ßando rotas piores do que as que eu faria mesmo sem conhecer o caminho. ,
" Mostra minha localiza√ß√£o totalmente errada a todo momento, ou fica mudando de lugar, as vezes ele marca minha localiza√ß√£o certa por alguns minutos depois muda totalmente para um lugar aleat√≥rio da minha cidade, j√° fiz de tudo. ",
,
,
,
,
,
,
,
,
,
,
,
,
,
,
,
,
,
,
,
,
,
,
,
,
,
,
,
,
,
,
,
,
,
,
,
,
,
,
,
,
,
,
,
,
,
,
,
,
,
,
,
,
,
,
,
,
,
,
,
,
,
,
,
,
,
,
,
,
,
,
,
,
,
,
,
,
,
,
,
,
,
,
,
,
,
,
,
,
,
,
,
,
,
,
,
,
,
,
,
,
,
,
,
,
,
,
,
,
,
,
,
,
,
,
,
,
,
,
,
,
,
,
,
,
,
,
,
,
,
,
,
,
,
,
,
,
,
,
,
,
,
,
,
,
,
,
,
,
,
,
,
,
,
