" N√£o funciona on nem off line fiquei rodando igual peru tonto, quando chegava no ponto indicado o trajeto sempre era modificado me levando a lugar nenhum, perdi uns 30 minutos at√© que dexisti  e usei um outro app. ",Positivo
" Muito bom, sou de Itaquaquecetuba e fui para Ubatuba, 4:00h de viagem, foi direitinho, √≥timo App. ",Neutro
 Muito bom uso sempre que preciso ele cumpre seu papel faz seu trabalho direitinho! ,Neutro
" √ìtimo aplicativo, por√©m dever√° calcular uma nova rota e n√£o informar pra retornar, tive um problema entre a cidade de Vinhedo at√© a cidade de Campinas onde durante o percurso em vez de continuar direto na rod Dom Pedro I ele me enviou pra cidade de Valinhos e depois retornar pra mesma. Em Ribeir√£o Preto um radar n√£o foi informado pelo GPS. Mais o restante parece estar tranquilo. ",Negativo
" Em minha opini√£o pessoal √© o melhor aplicativo de sistema GPS gratuito hoje na Playstore ! Nunca tive problemas em percursos e rotas usando o aplicativo, me sinto bem seguro transitando com ele, meus parab√©ns aos desenvolvedores do aplicativo ! ",Positivo
 Essa nova atualiza√ß√£o ficou p√©ssimo n√£o mostra seus destinos anterior e fico muito mais complicado.que pena era t√£o bom.vou procurar outro.üò• ,Positivo
" Meu aplicativo procura a minha localiza√ß√£o.  Mais demora muito e n√£o  encontra,  resolve esse problema ",Neutro
 Eh mto bom mas moro na grande Florian√≥polis a dois anos e ainda n√£o aparece o meu loteamento no google m√£os ja tem.. Quando atualizar dou 5 estrelas pq o APP eh √≥timo! ,Positivo
 Sempre usei ... A cada atualizacao ele melhora com serteza o melhor gps ,Positivo
" O APP e bom por conta de n√£o precisar de internet, mas a dificuldade e ele mudar de rota quando vc sabe dum trajeto melhor, e n√£o mostra os nomes das ruas paralelas mas e bom. ",Neutro
" √ìtimo aplicativo me leva nos endere√ßos sem erros, sem contar que avisa onde tem radares. s√≥ acho que deveria ter a op√ß√£o de n√∫meros da casas com√©rcios. ",Positivo
" fui numa rua n√£o pavimentada,lugares do interior da cidade onde recido,este levou certinho sem sinal de sat√©lites,funcionou offline parabens,dei 4 estrela porqu√™ sempre pode melhorar  se elogiar demais estraga. ",Positivo
" Excelente aplicativo, o melhor GPS que j√° baixei, rotas n√≠tidas nunca me deixou na m√£o, recomendou e ainda n√£o precisa de internet ",Neutro
" Depois da atualiza√ß√£o o app n√£o funciona direito. Sempre manda entrar onde n√£o rua, n√£o recalcula, erro de localiza√ß√£o, n√£o mostra mais a velocidade em que estamos, fica sempre no zero. Conforme vamos andando no trajeto o GPS n√£o se move. Sempre usei esse app mas agora est√° imposs√≠vel, favor verificar. ",Neutro
 Ol√° sou a um ano usu√°ria do GPS Brasil no mesmo aparelho por√©m a p√≥s √° √∫ltima atualiza√ß√£o ele est√° sempre sem sinal de GPS e tbm quando da sinal fica sem voz e som  Por favor de uma avaliada pq gosto muito do apk ,Negativo
 Muito bom... Uso a muito tempo.    Sempre com atualiza√ß√µes... Podem baixar. ,
" BOMüëç Ainda precisar atualizar o mapa, favor de um jeito na atualiza√ßao do mapas. ",
 Muito bom um gps off line maravilhoso ,
 Top. Baixou levou aonde tem que levar. Sempre bom antes perguntar pra algu√©m que j√° viajou para lugares pr√≥ximos se realmente o caminho √© o melhor. ,
 Recomendo !! Funciona muito  bem. ,
" Vi outros usu√°rios reclamando sobre informa√ß√µes erradas e os administradores do app informando que √© recep√ß√£o do GPS, s√≥ se for de todos ent√£o. Essa semana tive duas situa√ß√µes desagrad√°veis em rela√ß√£o ao trajeto sugerido pelo app ",
" P√©ssimo depois dessa nova atualiza√ß√£o,o app n√£o abri direito e n√£o consigo usar; era √≥timo agora n√£o üò•üò•üò• ",
" MUITO BOM , SO QUE TEM CAMINHOS MAIS F√ÅCEIS  QUE ELE N√ÉO INDICA EXEMPLO,  DE LEOPOLDINA MG PARA VIRGINOPOLIS ANDEI 50 KM A MAIS SENDO QUE PASSANDO POR IPATINGA COM O GOOGLE MAPS ANDEI 50 KM A MENOS PODERIA DE DAR TPDAS AA OP√á√ïES DE ROTAS , MESMO ASSIM √â √ìTIMO!!! ",
 J√° usei em 4 viagens e funcionou legal. Avisa a aproxima√ß√£o de radares fixos e a velocidade permitida. Muito bom. F√°cil de usar. ,
" Aplicativo muito bom, principalmente por n√£o necessitar Net durante navega√ß√£o. Ainda n√£o usei em via urbana..... ",
" Usei poucas vezes, mas at√© agora me agradou bastante ! Vale o download ! ",
 Obom mesmo e tbm pega sem internet adorei ja resolvem meus problemas nao pres√≠sso mais compra o gps pq a internet do celular e lento este app aprovado...... essa nova atualiza√ß√£o focou mais dificio de mecher... ,
 O melhor aplicativo offline at√© agora que usei. ,
 Muito bom. O equilibrio entre o uso off line e dados √© muito eficiente. Uma sugestao de melhoria seria poder gravar uma rota. ,
 Esse GPS √© incr√≠vel! Ainda mais o modo offline que me ajudou muito. Pude viajar sem problemas. ,
" Usei em alguns lugares em off deu certo... L√≥gico que tem lugar q s√≥ online, mais muitos lugares tra√ßou a rota mesmo em offline... Mui bom ",
 Olha pessoal  parab√©ns realmente muito bom viajo muito SP  e realmente ajuda muito   deixo off  me leva nos locais exato ,
" √ìtimo app, al√©m de funcionar sem internet, o aplicativo quando conectado a uma rede lhe informa o tr√¢nsito, √≥timo para quem n√£o tem 3G pois posso abri-lo em casa, ver o tr√¢nsito e j√° calcular a melhor rota... Nota 10 para os desenvolvedores. ",
" Faz um tempo que ele estava travando e ent√£o desinstalei, mas parece q foi resolvido e est√° perfeito üëç ",
 Muito bom fui para S√£o Paulo e voltei cem problemas a mo√ßa poderia informar a velocidade dos radares. Radar a 500m cinquenta klm por horas.foi recomendar aos amigos. ,
" Excelente aplicatico, recomendo a todos. ",
 Bom .pena que perdi a voz da luciana  que comprei no moto g2 agora desativado ! ,
 Melhor App offline  que j√° usei ,
 At√© agora n√£o me deixou na m√£o muito bom . ,
" Era √≥timo ate hoje, eu quase morri por que o gps na viagem ao inv√©s de me mandar ir pela estrada me guiou para um ""atalho"" pelo meio de uma area de risco com tr√°fico de drogas. Por Deus estou vivo ainda e posso relatar isso ainda ",
 Bom ,
" Acabei de baixar e ja fui informado que este app n√£o ser√° otimizado no meu tablet,mesmo assim vou testar, uso bastante aqui em s√£o paulo e os outros app tem deixado muito na m√£o, se for bom dou nota maior ",
 Boa tarde gostei muito mim atendeu na hora mais que eu precisei muito bom mesmo podem baixa app muito bom ,
 Muito bom es gps ,
" Gostei, por onde eu passei ele mostra os radares e o caminho bem certinho. O problema √© que se eu passar por outro caminho o GPS n√£o atualiza a rota automaticamente e fica mandando voltar o tempo todo, tive que desligar. E n√£o consegui escolher meu trajeto, s√≥ me deu duas op√ß√µes fixas. ",
 Hoje estava na marginal Pinheiros e o limite de velocidade e de velocidade e de 90 e o app ainda est√° com 70. Teria que subir a ponte octamendez e eu teria que ficar na pista local para pegar essa ponte mais o app mandou eu ir para pista expressa passei da ponte e depois ficou pedindo para eu retorna ,
 Usamos o app ele muito bom avisa quando h√° um foto sensor mas na parte mudan√ßa rota ele n√£o foi r√°pido precisa ser melhorado em alguns ambientes o sinal do GPS cai e ele falha tamb√©m precisa melhorar isso. Um √≥timo app recomendo a usar. ,
" S√≥ n√£o dei 5 estrelas por que muitas vezes ele n√£o acha o sinal gps tenho q ligar a internet pra ele achar fica escrito assim ""opps n√£o encontramos o sinal gps"" e manda eu mudar meu destino ",
 Esta funcionando bem parab√©ns! s√≥ o simulador de rota deveria ser mais simples para as pessoas acertarem a funcionalidade . ,
 Para ser perfeito s√≥ falta ser mais r√°pido ao tra√ßar nova rota e ao fazer uma curva. Mas parab√©ns aos desenvolvedores. ,
 Muito bom. S√≥ estraga s√£o esse excesso de propagandas'-' ,
" T√¥ adorando, uso o GPS Brasil h√° um tempo, s√≥ que nessa √∫ltima atualiza√ß√£o, deixou uma grande falha, na quest√£o da orienta√ß√£o por voz n√£o funciona mais, por favor equipe arrumem isso para que n√£o permanece com esse bug, se resolver isso, a√≠ sim darei os 5 estrelas, mais o resto t√° muito bom. ",
 Excelente a primeira vez q usei me levou certinho no endere√ßo e ainda por um caminho mais curto muito bom ,
 Oi tudo bem queria informar que a marginal Pinheiros ela √© 90 km/h s√≥ que o app mostra que os radares dela √© 70 km/h ,
" Atendeu bem as espectativas mas, cai muito o sinal do GPS e demora muito para atualizar a rota quando vc sai do percurso. ",
" O App √© √≥timo, nele eu daria as 5 estrelas. O problema √© a navega√ß√£o, j√° que esse app utiliza um mapa bem desatualizado, de uns anos atr√°s. ",
" N√£o gostei, me colocou numa estrada de terra de 100 km. Sendo que tinha rodovia por perto, fudi meu  carro por causa desse GPS. ",
 Gostei !!!Achei muito eficiente!!Fiz uma viagem de 720 km e sempre avisou os radares certinhos. Achei melhor que Wase e o Maps ambos cheio de frescurite. As coisas tem que ser mais objetiva e simples. ,
" Bom aplicativo! Mas tem radar que n√£o est√° no aplicativo,via lagos e linha vermelha ta faltando alguns.Perto do Gale√£o ",
 Pessoal eu n√£o sou de ficar comentado os app n√£o mais esse merece todos os elogios...t√° de parab√©ns app muito bom msm! ,
 Hoje  indo ao trabalho testei esse app Pois ele me indicou uma rota ao contr√°rio do sentido que eu deveria ir sendo que havia uma √∫nica via a Av Papa Jo√£o Paulo I em Guarulhos e ele me guiou para bom sucesso sendo que EU ia para o CECAP ,
 Muito bom est√£o de parab√©ns eu j√° tinha baixado este app mais eu desistalei uma √©poca por falta de espa√ßo e fui instalar de novo s√≥ que estava com outra cor o √≠cone foi dif√≠cil pra mim achar mais valeu apena a procura muito bom !! ,
 O app fica buscando sinal de gps toda hora. Nao consigo usar Ps. Meu celular nao esta com problemas. Da minha esposa tambem acontesce isso e com outros celulares tambem. Estou decepcionado ,
 Muito pr√°tico e preciso! Vou comprar os mapas da Am√©rica do Sul ,
 N√£o utilizei todos os recursos desse aplicativo mais n√£o tive problemas at√© o presente momento ,
 Otimo ,
 Muito bom estou gostando  me ajuda muitooo pelo menos n√£o me da rotas de lugares de RISCO ,
" Excelente app, fui pra Ap. do norte e funcionou perfeitamente e ainda mostrou todos os radares, s√≥ tem um probleminha que quando a gente chega no endere√ßo corrento, tem que avan√ßar mais uns 5 metros pra ele falar que eu cheguei ao meu destino, sendo que eu j√° estou na numera√ß√£o certa, mais o resto est√£o de parab√©ns. ",
 Aplicativo muito bom recomendo. S√≥ tem que atualizar algumas coisas mas de resto est√° √≥timo ,
 Muito  bom adorei eu uso ele em toda as minhas  viagens ,
 Excelente ,
" Show, muito bom e de f√°cil manuseio,s√≥ tem um problema,a atualiza√ß√£o do mapa, j√° faz um tempo que os mapas est√£o sem atualizar, temos duas pontes novas na marginal j√° algum tempo e as mesmas ainda n√£o est√£o no mapa... ",
" vcs atualizam esse gps e continua do mesmo jeito. √± d√° pra visualizar as cidades, rodovias, rios, lagos, quando se afasta o mapa. √ë d√° pra ter op√ß√µes personalizadas de rotas pelo usu√°rio. melhorem isso e coloquem op√ß√µes de o usu√°rio poder baixar mapas de qualquer cidade e armazenar no cart√£o Sd. ",
 O app √© √≥timo sempre me levou para os lugares corretamente n√£o tenho que reclamar ,
 Amigos o mapa √® atualizado? Foi essa minha pergunta e nao tive resposta kkkkkk ,
 ainda n√£o sei a funciona sem dados m√≥vel mesmo mais o endere√ßo e correto at√© agora ,
" Excelente app, fui pra Ap. do norte e funcionou perfeitamente e ainda mostrou todos os radares, s√≥ tem um probleminha que quando a gente chega no endere√ßo corrento, tem que avan√ßar mais uns 5 mentros pra ele falar que eu cheguei ao meu destino, sendo que eu j√° estou na numera√ß√£o certa, mais o resto est√£o de parab√©ns. ",
" Muito bom, mas gostaria de saber como baixar os arquivos adicionais, porque s√≥ d√° erro quando se tenta baixar. ",
 Manda virar a esquerda quando √© para a direita.  O aviso sonoro soa somente depois de ter passado o radar.  Por favor tem como ajustar isso?üòé ,
" Muito bom, basta seguir as coordenadas correta, pois se errar a rua, ele te indica como se tivesse entrado nela. ",
" Talvez seja o pouco tempo se contato com o app, mas achei pouco intuitivo a forma de pesquisar endere√ßo de destino.  Era falta de intimidade mesmo.... Busca muito facil. Uma observa√ß√£o quanto a localiza√ß√£o de radares na BR163. ",
 Sempre usei esse GPS nas minhas entregas por√©m alguns endere√ßos n√£o est√£o certos tento entrar em contato com o suporte mais n√£o consigo √© o e-mail do suporte consta como incorreto aguardo respostas da equipe do GPS Brasil ,
" Aplicativo sempre me auxilia bem....um dos problemas que verifiquei nas duas √∫ltimas viagens que fiz,  √© a quest√£o de radares que n√£o est√£o atualizados em alguns pontos na rodovia Tamoios e na Anhanguera. ",
" Atende a todas as expectativas. Sempre que o utilizei, me levou ao destino sem qualquer problema. ",
" √ìtimo! Pra mim o melhor, avisa todos os radares, e n√£o precisa de internet. Nota 10 ",
" H√° mto tempo procurava um navegador gps off line eficiente,este superou mhas espectativas,podem baixar..e parab√©ns aos desenvolvedores. ",
" Funcionou por 3 dias, agora fica na tela ""BAIXANDO ARQUIVOS ADICIONAIS""  e n√£o sai disso, gostaria de uma solu√ß√£o pois gostei muito do aplicativo, ainda uso o sync achei q o gps brasil seria = ou melhor..aguardando solu√ß√£o para dar mais estrelas ",
 √â um √≥timo aplicativo  Gostaria de saber se na pr√≥xima atualiza√ß√£o vai ter como escolher o modo de ve√≠culo que vc est√°  No caso carro caminh√£o ,
" Pra mim s√≥ faltou ser maior o o visual do mapa e demais objetos, pois em uma posi√ß√£o onde o celular fica posicionado no painel do carro, fica um pouco dificil a visualiza√ß√£o. Se arrumarem isso, fica perfeito ",
" Fiz um pequeno teste e gostei,agora n√£o sei se ele avisa de radares, amanh√£ vou viajar e ver se melhoro as estrelas, ",
" Muito bom , melhor GPS que j√° usei at√© hoje . ",
" O aplicativo parece ser muito bom, por√©m um erro grave que vi nele, s√£o os nomes das ruas principais muito pequenos e fica embaixo da rota do GPS . √â deveria fica encima e com tamanho bom de visualiza√ß√£o... ",
" Me surpreendi, n√£o achei que seria t√£o bom, na minha opini√£o melhor que waze ",
 No come√ßo funcionou mas depois Me deichou na m√£o ,
" Eu j√° usei ele antes, App muito bom, e agora abaixei para usar novamente, s√≥ que est√° demorando muito para carregar, demora para achar  as cidades selecionadas, e estou usando a net da minha casa 8mb de fibra optica ",
 J√° est√° na hora de atualizar esse mapa tem rua q est√° no nome antigo ainda ,
" Excelente gps! Merece 5 estrelas, podem baixar que vale √† pena, eu tinha desinstalado e instaleio novamente, agora descobri como simular navega√ß√£o antes de iniciar uma viagem. Agora estou adorando! S√≥ um problema que eu n√£o gostei, √† voz que comprei do app tts, n√£o fala o portugu√™s brasileiro claramente. ",
 Ficou horr√≠vel o GPS n√£o consigo ver os nomes das ruas durante durante navega√ß√£o  S√≥ mostra por onde tem que ir mas n√£o mostra os nomes das ruas e antes n√£o era assim eu gosta muito desse aplicativo indiquei muitas vezes mas agora ja n√£o indico pois ficou muito ruim ,
" Excelente navegador,esta a beira de perfei√ß√£o.R√°pido e da mais de uma op√ß√£o de rota.Continuem assim desenvolvedores.Obrigado. ",
 √ìtimo app viajei 1.125  tudo certinho recomendo üëç ,
" App excelente! Usei somente em √°rea urbana, mas logo menos farei o teste. Parab√©ns, estava precisando dessa navega√ß√£o Offline! ",
" Esse √© fino, n√£o te manda pro lado errado! Super  preciso! ",
 Excelente  o bom que funciona em off line ,
 Muito bom s√≥ est√° faltando rotas alternativas ,
" Bom,eu usei o app e foi √≥timo, fiquei um pouco preocupado por que o app me levou por um lugar diferente ,mais foi certo a rota, ent√£o indico pra quem n√£o tem ,pode baixar o app √© nota 10. ",
 Muito bom ,
" Tem radares da BR 376 sentido Curitiba/Joinville que n√£o alerta, se pudessem verificar ",
" Ele s√≥ da a rota mais longe ,  pelo menos aqui em salvador ele parece desatualizado do mapa da qui. S√≥ aparece uma rota pra cada lugar que pesquisei. Eu deveria poder escolher ou ele me da a rota mais r√°pida ",
 Eu gostei para mim show obs mas me poderia me amostra a primeira igreja Missionaria assembleia de DEUS JESUS √â A LUZ que fica na travessa progresso no bairro geneciano nova igua√ßu rj ,
" Poderiam mostrar alternativa de rotas alternativas, e situa√ß√µes de tr√¢nsito. ...app muito bom. ",
 At√© o momento tem sido um bom aplicativo ,
 Bom pode melhorar especialmente com atualiza√ß√µes mais r√°pido ,
" Precisa atualizar esse mapa urgente o transito mudou em varias cidades e o mapa n√£o, em Niter√≥i o  GPS manda entrar onde n√£o tem rua, construiram o mergulh√£o e o gps fica indicando rua qua n√£o existe mais. ",
 √â o melhor. Esque√ßam os outros. Offline e Correto √© esse aqui! Parab√©ns ao Desenvolvimento. ,
" Viagem de S√£o Paulo a Minas Gerais sem problema algum, com precis√£o e informa√ß√µes √≥timas.... Muito bom ",
" O aplicativo √© √≥timo. Os an√∫ncios nele, uma hora iam aparecer, de gra√ßa nem rel√≥gio trabalha. Mas paguei o valor e tchau an√∫ncios.  O que poderia ter pra deixar melhor. O usu√°rio informar por foto e marca√ß√£o do GPS, um local para ser adicionado ao mapa ou removido. Informar uma mudan√ßa no sentido da via. Informar lentid√£o no local. Por a pr√≥pria voz no GPS (um aplicativo externo pra fazer isso se for o caso) Ganhar pontos por ajudar a melhorar o mapa e trocar na por itens. Ter mais varia√ß√µes de s√≠mbolos de ve√≠culos na loja. J√° recebi coment√°rios de motorista de van escolar usando esse aplicativo, motoboy e at√© caminhoneiro, no canal do YouTube. E a op√ß√£o de usar o smartphone como Dash Can, para filmar o trajeto, se poss√≠vel com as duas c√¢meras para smartphones como uma boa pot√™ncia de hardware. Assim filma 2 arquivos, um externo e um interno. √â de gra√ßa a sugest√£o, pode usar. ",
" N√£o √© interessante, n√£o dar pra mudar a rota e nem adicionar paradas ou evitar alguma passagem, al√©m de ter uma interface muito b√°sica e o menu SUPORTE n√£o funciona! Desinstalandoüëé ",
" Com toda certeza, o melhor aplicativo de GPS e com sistema offline da atualidade, sistema de navega√ß√£o muito preciso com op√ß√µes de escolher a melhor rota, avisos de radares vis√≠veis e n√£o vis√≠veis na pista, orienta√ß√£o visual muito limpa e leg√≠vel, op√ß√µes de pontos tur√≠sticos e etc... Simplesmente um √≥timo trabalho, continuem assim para que n√≥s usu√°rios possamos indicar e fazer a comunidade crescer cada vez mais. ",
" Ainda n√£o usei em viagens, se funcionar corretamente sem conex√£o com internet e n√£o travar n√£o existe nada igual nota 1000 ",
" Muito bom aplicativo!! Estava procurando exatamente um GPS assim para meu smartphone. Sempre uso o Google maps mas, falha as vezes qdo uso nas rodovias onde trabalho. A internet no Brasil √© muito ruim, ent√£o off line me salva nesse aplicativo! Parab√©ns ao desenvolvedor! ",
 Muito bom me atendeu ,
 Deveria ter op√ß√µes para trajeto mais r√°pido Seguros pelo asfalto e pelas estradas de terra como segunda op√ß√£o ,
 O melhor que j√° vi ,
 Esse GPS n√£o tem outro melhor ele √© maravilhoso sensacional nota milllll ,
" O melhor aplicativo off-line que j√° vi eu recomendo. S√≥ precisa de alguns ajustes algumas ruas n√£o encontra e o mais importante seria calcular sempre o caminho mais curto, acaba mostrando caminho mais longo melhorando esse item fica top. Valeu ",
 To enfrentando problemas ao procurar bairros mais recentes ds minha cidade. Nao consta. E nao tem como usar minha casa como ponto de partida. Devido nao me localizar no maoa ,
" Muito bom,sempre usei perfeito parab√©ns ao criador nehuma multa ate hoje. Indiquei a todos meus amigo perfeito parab√©ns o melhor s√≥ falta algumas atualiza√ß√µes de velocidade  mas e perfeito indico  a todos que precisem de gps off. ",
" Melhorou bastante mais ainda precisa de muita coisa,  antes era bem melhor pq agente ia at√© o destino sem sair do lugar e agora n√£o tem mais a op√ß√£o, e ainda existe muitas ruas que agente n√£o consegue encontrar, e n√£o mostra os nomes das ruas pr√≥ximas por exemplo uma travessa cad√™ o nome? ",
 Quero parabenizar os criadores !!!!! Muito bom mesmo cumpri oque promete totalmente off me levou ao destino tra√ßou novas rotas sem problemas parab√©ns mesmo!!!!!! ,
 Vou testar hoje depois de testar eu deixo um comentario! ,
 S√≥ em funcionar off line t√° excelente. ,
 Aplicativo √≥timo s√≥ fica meio estranho que em algo lugares a rota continua erro e ele da um caminho diferente na e muito bom melhor que muitos aplicativos por a√≠ ,
 Precisa ser atualizado tem muitas rotas outro dia me mandou p uma favela lugar sinistro ele evita vias principais movimentadas por√©m te manda p quebradas ,
 Aplicativo legal pena que no litoral sul da Bahia mais precisamente BR 327 sentido Porto Seguro n√£o reconhece radares e fica desorientado no trajeto.   Mas est√£o de parab√©ns em atendimento e principalmente de escutar opini√µes de seus usu√°rios. Dignos de elogios. üëèüëèüëèüëè ,
 Muito bom e pr√°tico para viajar ,
" O App √© muito bom, mais deixa √° desejar nas atualiza√ß√µes de rotas perigosas nas cidades pequenas e distritos tipo colocando vc em rota de areis e becos esquisitos.  Mais me fez sair de S√£o Paulo √° minha cidade no Cear√° certinho.  Sugest√£o para o App da ao usu√°rio a orienta√ß√£o de voz com explica√ß√£o para que o usu√°rio escolha a rota que quer ir consciente de que o App o orientou na escolha. perde pro waze nesse sentido. Mais tamb√©m ganha do waze por n√£o necessitar de Internet e abrange inten√ß√£o de quilometragem muito maior que o waze que s√≥ alcan√ßa s√≥ uns 1500 km.üëç ",
" O app √© muito bom, fui para o Nordeste e me ajudou muito a localizar os hot√©is que eu tinha reservado, o √∫nico defeito, √© que as vezes o sinal some, e demora um pouco para voltar a funcionar. ",
 Eu gostei Bom ele parece ser um app bom mais eu vou  testa certinho por inquanto nao tenho certeza ,
" Aplicativo muito bom, apenas as ruas do mapa s√£o um pouco, quase na mesma cor do plano de fundo do restante do mapa. Ao consultar o mapa se o zoom estiver diminu√≠do n√£o da pra ver bem as ruas. No restante √© um √≥timo aplicativo. Aconselho as pessoas baixarem. ",
 O √∫nico polema e que toda hora pede para ajustar a busula mas √© √≥timo j√° usava ele quando era oi mapas ,
 Muito bom! ,
" T√¥ gostando bastante do app, vcs pediram para abrir o app mesmo que eu j√° soubesse o caminho, ele me avisaria dos radares etc. Ele poderia aprender o caminho salvo que seria casa e trabalho por que fa√ßo o mesmo trajeto todos os dias, acho que ficaria mais contente com o app. ",
" √â um bom app, por√©m precisa atualizar algumas ruas,estava passando em Jequi√© BA,e ele me direcionou a ruas que eram contra m√£o, e aqui em SP precisa atualizar tamb√©m as marginais,a rodovia est√° h√° 90 Km/h e no app est√° a 70 km/h. Mas ainda assim recomendo. ",
" e bom, por√©m aki em Fortaleza aparece alguns erros no trajeto. .  como ruas na contra mao ",
,
,
,
,
,
,
,
,
,
,
,
,
,
,
,
,
,
,
,
,
,
,
,
,
,
,
,
,
,
,
,
,
,
,
,
,
,
,
,
,
,
,
,
,
,
,
,
,
,
,
,
,
,
,
,
,
,
,
,
,
,
,
,
,
,
,
,
,
,
,
,
,
,
,
,
,
,
,
,
,
,
,
,
,
,
,
,
,
,
,
,
,
,
,
,
,
,
,
,
,
,
,
,
,
,
,
,
,
,
,
,
,
,
,
,
,
,
,
,
,
,
,
,
,
,
,
,
,
,
,
,
,
,
,
,
,
,
,
,
,
,
,
,
,
,
,
,
,
,
,
,
,
,
,
,
,
,
,
,
,
,
,
,
,
,
,
,
,
,
,
,
,
,
,
,
,
,
,
,
,
,
,
,
,
,
,
,
,
,
,
,
,
,
,
,
,
,
,
,
,
,
,
,
,
,
,
,
,
,
,
,
,
,
,
,
,
,
,
,
,
,
,
,
,
,
,
